Model,ROC-AUC,Accuracy,F1-Score,CV Mean,CV Std
Ensemble,0.8475378787878789,0.7649043869516311,0.7892436974789916,0.8376646334902228,0.006544128081622487
LightGBM,0.8472710671111834,0.7675290588676416,0.7918065815983881,0.8361277190809048,0.006496722097806672
XGBoost,0.8462851344392043,0.7641544806899138,0.7887134699361774,0.8367865120893265,0.006297433897840887
CatBoost,0.8461258944543828,0.766029246344207,0.7900403768506057,0.8368507091078479,0.006958219464556173
Gradient Boosting,0.8450555420032164,0.7667791526059242,0.7904312668463612,0.8361300895825581,0.006530025820024218
Random Forest,0.8446035150250266,0.7679040119985002,0.792072556264696,0.8313146756342196,0.005607214888042269
Extra Trees,0.8413989515006957,0.7679040119985002,0.7912310286677909,0.8297516276456959,0.0058627261090286095
Logistic Regression,0.8404237477638641,0.7626546681664792,0.7837376153057738,0.8261249804852511,0.007370977787390258
